,Actual,Predictions
3133,127,128.4
5786,13,13.0
5224,163,162.0
8953,233,234.9
8054,222,223.1
10044,166,166.2
5337,144,141.9
2753,376,362.6
10127,601,593.3
33,53,51.7
4634,6,6.0
8104,14,15.6
2855,209,207.2
3460,62,62.5
1408,139,141.3
3844,9,9.1
9257,96,96.6
1056,98,99.0
3837,230,231.3
3079,12,12.0
1608,54,52.2
1768,107,106.8
10720,8,8.0
2507,182,182.6
6906,11,10.9
7051,1,1.0
7361,93,96.1
3487,17,17.0
483,39,39.3
3704,11,10.7
8242,432,425.8
5945,119,119.6
3251,226,225.7
8543,661,666.1
3708,244,245.5
1662,3,3.0
10476,96,95.8
9123,543,539.4
6782,223,221.2
10735,550,549.4
5817,132,133.1
8257,186,180.1
5380,3,3.0
7078,296,292.6
1084,194,194.4
6742,6,6.0
5638,5,5.0
9395,404,405.0
1576,145,151.9
346,26,26.2
360,104,105.9
10084,222,219.8
6194,513,523.9
10403,110,111.0
9296,871,876.1
8866,275,275.0
3941,124,124.5
434,2,2.0
7797,184,186.0
6366,234,233.9
3689,410,409.6
6800,573,573.2
7279,367,368.4
6840,604,607.9
9119,127,125.3
10758,417,411.3
7072,30,29.8
5736,3,3.0
3746,5,5.0
4981,154,153.2
303,1,1.0
2254,256,257.5
304,1,1.0
6151,138,136.6
4121,412,411.0
6685,330,329.1
10379,139,138.9
1281,36,36.7
8490,57,56.9
5199,185,186.0
7952,800,797.7
5716,419,420.7
4667,189,188.9
9456,299,300.9
5053,296,297.3
5900,17,17.0
8547,254,253.1
3045,394,392.0
10840,7,7.0
5033,175,175.3
9350,127,126.2
1594,226,226.4
5186,3,3.0
1157,82,75.8
668,3,3.0
9291,332,330.4
8565,162,162.3
318,139,138.4
10587,220,220.2
694,2,2.0
10651,27,27.3
9897,838,811.6
9738,6,6.0
6874,759,757.2
8819,478,485.7
5678,98,98.6
3995,372,367.3
1284,210,210.1
251,32,32.4
1718,354,340.3
1953,23,23.0
1194,94,93.3
2138,38,40.8
3495,193,192.7
6967,486,502.9
35,93,92.1
1110,28,28.3
5321,287,285.1
6306,74,73.8
621,7,7.0
1432,56,56.3
3080,21,21.7
6740,18,18.3
5274,161,161.9
8985,832,830.2
5478,153,150.8
673,140,138.0
5723,138,136.9
8590,473,472.1
6110,151,151.3
2227,547,549.1
95,2,2.0
8774,138,137.4
4604,115,114.2
6773,282,283.1
9311,750,745.5
10308,173,171.0
4848,15,16.5
3777,69,70.0
895,224,225.0
795,82,83.1
5015,71,71.8
4161,133,132.5
8067,603,599.6
9128,498,496.9
9514,611,601.6
6522,54,53.5
10797,27,26.2
5250,165,164.1
4032,10,10.0
1041,35,35.0
7666,483,477.3
5298,175,175.5
101,57,56.6
4983,418,420.9
2611,272,271.7
8703,153,153.5
10129,178,178.5
2407,21,21.1
4793,171,168.7
856,7,7.0
10192,44,44.5
8361,872,876.4
6419,263,262.6
4147,261,257.3
10487,308,303.9
7347,550,549.9
4040,215,215.1
1406,124,119.3
5737,4,4.0
7297,168,167.9
5994,42,42.3
960,89,88.6
8883,505,512.0
7818,8,8.0
4682,4,4.0
5009,265,263.5
1795,196,196.4
10001,10,10.0
6399,154,153.4
9842,494,498.6
518,155,155.2
1758,5,5.0
9066,35,35.3
2174,153,153.1
10855,572,577.3
6054,138,138.8
10012,294,294.1
9190,482,481.0
1766,103,102.0
6225,171,170.4
4084,7,7.0
9209,11,11.0
5464,93,93.1
107,89,90.1
6339,286,290.8
3068,428,425.1
5333,231,232.7
6728,679,668.0
4217,465,461.6
6453,1,1.0
5844,346,351.7
3118,323,329.7
4707,28,27.9
5306,6,6.0
2848,160,158.4
6933,2,2.0
3305,326,320.1
8023,438,437.3
5753,69,69.1
5712,3,3.0
3288,120,120.8
4836,185,186.6
5095,204,206.9
651,122,122.5
2127,456,455.6
7606,440,441.4
4394,23,23.4
6712,126,127.6
5646,83,81.2
10622,118,117.3
10610,486,495.1
1780,50,50.7
1935,436,435.4
850,72,71.5
10137,465,461.1
4271,53,52.5
7874,264,262.6
4826,5,5.0
6637,351,353.0
6032,138,136.8
3541,128,129.5
4602,186,184.4
9433,490,486.3
8387,84,83.6
6706,258,256.8
4608,31,30.5
9302,93,93.4
2495,220,223.0
9285,180,179.7
10856,525,533.6
4899,22,22.1
4819,95,93.2
4914,169,169.5
4269,152,152.7
10553,2,2.0
774,98,98.3
3528,152,150.9
6156,96,95.4
5236,64,63.9
9000,378,380.5
5898,97,97.6
7958,80,80.1
5884,276,277.1
2478,13,12.9
1282,123,126.2
7199,576,565.7
9142,493,501.8
2315,224,221.8
5767,165,164.5
10435,13,13.6
4464,11,11.2
9853,125,124.4
1825,64,62.9
5411,142,140.6
8239,389,392.4
9029,598,597.7
3002,46,45.9
8269,225,224.8
2039,234,235.7
1530,201,202.2
216,77,77.4
10273,155,154.7
2519,140,138.9
1983,174,173.1
6199,173,172.1
2098,88,88.4
1597,49,49.5
3905,539,537.1
4918,30,30.0
5912,137,138.2
3059,222,218.5
6071,18,18.0
10190,122,122.4
8068,617,622.4
6162,9,9.0
1488,108,108.1
5544,4,4.0
3707,152,149.3
9859,10,10.0
5354,9,9.0
852,77,76.2
1393,36,36.5
1783,10,10.0
9215,719,719.9
6795,360,355.3
10367,248,248.3
4215,419,421.1
8153,90,89.2
8729,5,5.0
398,28,28.0
10431,69,68.9
5516,32,32.4
8928,402,396.9
10096,8,8.0
2919,367,361.7
9196,191,191.5
866,155,156.6
7309,246,247.2
9642,56,56.6
9329,11,11.0
8085,23,22.0
5709,12,12.0
3143,241,240.2
4454,208,209.4
7887,206,204.4
7762,453,460.2
8638,473,471.5
3945,121,120.7
4398,57,56.6
9104,503,511.0
9016,92,91.7
10705,172,172.2
8148,276,276.5
5221,266,265.7
8840,730,722.5
7538,428,431.4
5297,268,268.7
7846,526,518.2
3602,51,52.0
7912,116,115.8
10290,6,6.0
4554,182,181.3
10469,417,409.3
6761,23,23.2
10565,270,271.0
2894,366,366.4
173,98,96.7
3003,25,25.4
2592,175,175.4
1068,4,4.0
9938,268,265.2
9036,338,335.6
9398,195,193.3
6824,395,392.8
7652,34,34.0
6021,2,2.0
5344,295,297.1
10246,540,536.7
5030,305,308.3
4404,394,387.2
1650,202,203.2
8830,133,133.9
6491,612,604.2
408,3,3.0
2625,250,253.5
8029,242,239.8
9488,338,339.0
5106,110,110.7
6925,190,192.2
7320,294,293.5
9752,948,925.8
9305,6,6.0
6939,495,488.9
6334,5,5.0
3025,124,125.2
10074,4,4.0
8297,58,58.0
6536,178,177.8
2357,5,5.0
2862,11,10.8
5684,3,3.0
7946,202,203.6
9717,143,147.0
1671,180,179.8
1160,38,37.9
2992,116,114.1
6502,2,2.0
7067,280,280.2
1885,148,149.4
10145,6,6.0
4250,30,30.0
39,76,75.6
592,88,87.7
7602,6,6.0
3370,399,395.5
7182,308,310.8
6670,26,26.1
3111,152,153.7
5234,3,3.0
562,161,160.1
6310,3,3.0
4896,5,5.0
1472,6,6.0
6508,138,137.8
9977,20,19.4
2457,267,267.4
8204,35,35.4
2189,9,9.7
3937,5,5.0
1851,7,7.0
6720,86,84.2
9543,31,31.0
2119,14,14.0
8872,113,112.9
3101,7,7.0
5461,154,154.2
914,125,122.7
7685,730,672.6
8079,148,145.6
5402,4,4.0
9458,252,254.6
8457,631,624.4
10751,343,340.7
2680,317,318.8
5663,4,4.0
1277,16,16.5
9975,60,60.9
6759,100,99.5
4279,254,255.4
4140,173,170.4
8983,419,416.5
4726,24,24.0
4962,163,165.8
8021,298,295.6
7921,413,408.0
7338,32,31.7
1087,91,90.8
10829,211,210.4
3547,552,544.3
2167,22,22.1
5286,467,472.9
1145,101,101.3
3621,443,444.7
2614,201,199.9
2858,47,47.2
533,20,19.4
5378,1,1.0
4052,200,199.8
5635,62,61.8
9784,37,36.9
5993,191,190.9
4162,170,168.1
7211,260,258.9
700,120,117.9
10195,10,10.0
6622,24,23.8
2018,38,37.1
9984,331,330.2
9420,296,295.8
14,106,106.2
4688,129,128.5
7786,645,636.2
4149,114,113.5
5399,11,11.0
2865,332,330.2
7360,121,120.0
9965,365,364.2
1383,313,300.5
10451,158,157.4
3021,400,396.4
5262,400,397.1
5264,102,101.5
6159,36,37.2
510,51,51.5
4864,441,440.3
2009,180,179.8
10800,257,253.9
3148,11,11.2
2168,49,49.1
10715,202,204.4
1454,93,92.9
7520,576,586.1
3989,22,21.8
1494,1,1.0
399,35,34.7
265,55,56.0
4365,114,114.5
900,25,25.2
8449,268,264.5
3447,153,157.8
3077,47,45.3
10438,144,145.1
10417,197,198.3
5424,75,74.5
7796,36,36.8
487,52,52.9
8598,292,291.9
10652,123,122.4
7251,269,267.8
5312,109,108.8
4379,75,75.0
8674,469,475.1
2576,121,120.0
4448,206,203.4
2145,272,272.4
3315,12,12.0
9396,312,314.0
7585,171,173.0
2620,13,12.9
5471,3,3.0
9613,232,235.4
1509,62,61.8
3037,210,214.5
3048,223,222.6
740,3,3.0
1479,153,151.3
8223,159,159.4
8903,673,672.1
2239,21,21.0
4813,310,310.6
5846,256,258.4
10319,323,322.8
7819,10,10.0
8440,59,58.4
1683,33,32.6
1453,69,67.5
4938,137,136.9
4077,70,71.0
6658,782,742.2
710,45,45.1
2301,391,393.9
2742,5,3.6
3334,286,286.6
4913,217,219.4
10393,359,355.5
3914,8,8.0
6822,268,272.8
2152,193,191.4
1835,186,185.5
7873,249,247.6
608,65,64.7
8523,237,233.0
9218,296,294.4
9453,164,163.9
4053,129,127.8
1413,386,380.1
8500,480,488.3
2998,342,340.1
2453,6,6.1
2020,10,9.9
6101,153,153.7
2271,203,203.1
367,61,60.9
6955,26,26.2
424,197,196.7
1022,1,1.0
5349,75,75.1
4129,3,3.0
2124,226,227.5
2996,463,465.4
9870,260,258.1
2036,274,271.0
1121,156,155.8
6252,353,353.9
10820,108,108.9
8950,492,492.9
135,48,48.3
5931,441,439.5
3742,121,120.7
9601,177,178.6
7108,678,668.7
4007,112,112.3
8455,492,496.6
6201,145,143.1
761,3,3.0
4842,240,240.5
9863,737,730.6
8001,744,735.1
7323,171,170.2
5125,30,30.1
1886,196,194.3
2340,251,246.9
6087,177,176.9
3272,27,26.1
10017,522,520.5
2882,121,121.7
4031,37,36.7
2627,224,224.5
1486,226,228.5
2922,372,369.2
10849,269,270.2
6576,17,17.1
9120,229,225.1
7481,31,29.3
6978,6,6.0
10620,160,161.3
8167,313,314.7
8654,177,178.4
8856,271,272.5
7769,11,11.0
7533,21,21.5
543,84,84.3
4847,10,10.4
3885,150,149.5
5652,240,242.5
1208,3,3.0
3944,209,208.1
582,55,55.1
4629,85,85.4
3737,106,106.3
9843,562,554.1
3,13,13.1
7379,276,279.6
10075,16,15.9
1470,3,3.0
9734,84,84.9
5365,228,229.5
439,116,117.7
4338,109,108.7
2589,416,416.3
4047,263,261.0
7414,463,462.3
8066,566,564.0
9996,267,267.7
1369,55,55.2
88,54,53.6
10818,5,5.0
10359,87,87.6
5425,52,51.9
7795,5,5.0
3169,96,96.4
2492,286,300.3
9389,371,373.4
10181,356,350.9
4900,75,75.5
10690,257,257.0
6831,66,66.1
10289,5,5.0
9533,244,247.1
10779,456,455.3
9247,114,113.9
7852,315,307.0
3254,216,213.2
2344,385,385.8
2465,212,212.0
10837,47,47.7
2534,196,195.0
5554,204,205.1
4407,443,439.9
407,20,20.0
10594,241,239.3
7188,297,296.0
3673,123,124.9
2943,141,139.8
2514,350,347.6
5239,220,216.9
5214,72,71.6
7879,523,505.1
7955,394,391.2
9933,153,153.4
10376,271,270.7
4957,382,378.5
2238,4,4.0
7249,174,175.0
3437,27,28.1
1201,150,150.6
5035,109,108.8
6749,503,504.7
2215,26,26.0
4119,218,221.4
6379,44,45.6
1285,117,114.3
6932,7,7.1
5019,6,6.0
3614,229,225.6
9628,424,420.1
9536,856,829.9
2392,146,147.1
9520,18,17.8
4071,223,225.0
2826,275,276.3
131,172,172.5
2260,6,6.0
9046,41,40.8
6751,521,526.2
9166,500,506.1
96,3,3.0
4844,113,113.5
311,53,52.8
5576,324,323.9
2455,28,28.1
3798,57,56.8
7890,40,40.0
469,76,76.3
9173,211,210.0
839,95,94.5
5654,385,393.2
119,4,4.0
4028,147,145.1
3287,114,116.2
9678,306,307.1
8196,258,257.1
9025,480,482.0
1941,267,266.7
1786,59,57.1
4137,126,125.2
747,126,126.3
3053,26,27.1
1746,205,204.3
3710,353,353.7
9161,9,9.0
5857,86,87.3
9369,852,858.7
563,182,178.6
4640,262,261.2
2982,5,5.0
5351,43,43.4
8713,364,361.9
10443,509,509.8
1123,81,81.6
3971,251,251.1
8371,4,4.0
3467,103,101.2
3753,328,325.3
3131,199,202.6
3884,195,196.0
6931,28,28.1
4934,209,207.8
7410,6,6.0
9022,64,63.7
6440,128,127.9
9136,24,23.7
333,33,32.6
8558,161,161.5
883,46,46.5
8556,333,329.6
932,111,111.7
3033,274,272.7
450,74,74.2
8615,681,674.9
2154,226,224.5
8885,579,578.9
293,78,79.7
3520,182,179.8
10639,229,228.5
1501,73,72.5
9143,632,644.4
9448,21,20.3
2221,164,164.5
1180,58,57.8
6141,14,14.0
9074,492,488.8
6940,590,594.3
6762,15,15.1
4738,167,166.4
1883,184,185.3
6346,361,363.0
1965,239,238.9
5803,28,28.2
9071,162,162.6
6407,5,5.0
10613,541,533.2
10884,129,128.9
5837,93,92.5
3936,20,20.2
5082,205,206.3
10571,191,191.1
5323,155,154.1
3286,137,132.6
5094,414,413.1
7207,235,234.1
8593,198,198.1
3024,176,175.8
3445,314,318.6
1498,113,113.2
500,38,37.8
4112,153,153.2
8441,17,16.9
7550,74,72.8
5649,178,177.9
2150,209,209.4
10885,88,87.6
8748,317,317.7
7607,650,652.7
259,16,16.0
5840,130,129.9
10338,5,5.0
9006,383,381.3
4812,371,370.8
3461,27,26.3
5145,106,106.1
6699,180,178.1
5168,126,127.1
9496,12,12.0
10817,3,3.0
6686,243,240.9
3229,149,149.7
3527,215,215.2
7974,116,116.9
4519,222,221.2
1703,14,14.4
3017,180,179.4
4342,54,54.7
5967,77,76.5
1864,107,106.7
9186,9,9.0
2270,232,231.1
9321,877,887.0
6120,9,9.0
6909,23,23.3
8180,40,38.6
7484,26,25.8
2586,312,313.3
7770,5,5.0
4076,56,56.2
1579,452,450.1
2818,428,427.0
8534,166,165.8
10561,178,177.1
9941,285,285.5
9658,341,339.3
3669,295,286.2
4022,365,368.9
3615,219,219.8
1142,4,3.7
1147,119,116.5
5942,267,264.4
6663,202,201.5
5524,215,216.2
6802,555,550.6
8284,293,296.4
7981,207,207.5
6877,298,298.6
2968,124,123.8
7495,525,505.7
1261,185,185.8
765,105,107.2
5805,2,2.0
7222,406,407.4
8719,421,421.0
2012,550,555.1
5773,146,146.2
2807,245,240.1
3550,280,280.3
4190,219,218.0
967,187,185.0
5886,143,144.6
2954,22,21.7
2464,165,162.9
2948,472,475.8
565,121,121.7
8487,187,186.0
4191,323,324.6
5666,74,73.7
2588,607,617.5
5284,87,88.7
8651,427,425.8
5980,92,92.3
9861,147,149.2
2595,17,16.9
9812,11,11.0
1785,33,33.5
5026,358,359.0
3281,362,365.5
4046,187,187.5
4089,248,247.6
2523,16,15.3
9187,8,8.0
9985,146,145.1
6325,119,119.3
3012,127,128.5
10545,414,409.1
2691,31,29.3
1732,16,9.3
9962,252,250.3
8672,741,743.9
321,52,51.7
1523,54,52.1
426,112,111.6
7919,181,183.0
427,76,76.3
9698,308,310.6
7220,30,30.8
3771,2,2.0
7074,11,11.0
5183,66,65.7
6216,95,95.1
9993,678,674.3
2648,27,28.1
7050,5,5.0
80,78,78.2
10846,662,671.1
10808,107,107.1
4210,230,225.5
1433,76,76.0
335,72,72.3
8337,253,254.2
6887,354,358.3
624,7,7.0
927,3,3.0
5924,22,21.7
3827,360,358.5
6145,18,18.0
2692,13,12.6
5769,224,225.0
9814,70,69.5
10596,165,166.7
7422,134,135.8
8732,25,25.2
5277,59,58.9
330,3,3.0
3509,6,6.0
5474,12,12.0
1149,157,159.8
1250,59,58.7
3107,203,204.6
291,42,42.0
3032,120,120.7
6319,261,260.6
5856,19,18.9
4475,201,199.2
7298,201,202.5
3529,77,76.7
7711,222,221.4
8686,67,67.3
952,1,1.0
457,1,1.0
9156,268,269.0
6691,4,4.0
2615,188,190.4
9810,15,14.8
5517,14,14.2
6486,215,216.5
7997,320,320.6
31,8,8.0
6820,281,279.3
3544,192,192.1
7235,404,405.2
218,94,94.1
6753,541,543.7
1183,11,11.0
9802,493,491.2
6849,757,736.5
6480,108,107.8
9889,222,219.2
5196,293,293.8
5758,43,42.7
8031,94,93.1
7267,4,4.0
7937,17,17.0
3011,224,223.7
7262,95,94.4
2813,6,6.0
6923,412,406.2
1245,253,250.9
8022,324,319.9
8364,331,331.5
6073,267,266.5
8098,390,386.7
6864,684,681.0
2956,9,9.0
7914,29,29.5
373,16,15.9
7176,400,393.9
8688,278,276.6
9344,925,901.4
8396,41,41.1
4302,352,348.1
7764,246,248.5
10539,214,215.0
8720,382,377.4
2377,60,60.9
1113,6,6.0
169,15,15.1
10378,172,172.2
6360,92,91.6
10825,170,170.2
8855,162,160.4
6526,1,1.0
1350,9,9.0
8224,123,123.7
2458,452,453.4
2629,181,180.6
2582,211,210.5
8290,418,414.6
9065,69,69.3
5703,330,328.4
6679,258,253.8
8494,47,48.6
5422,48,48.5
7107,678,663.0
8563,6,6.0
6503,29,28.9
9781,177,177.4
7512,335,328.6
9852,196,195.3
5775,110,109.8
10633,250,248.4
315,68,66.8
1669,136,137.8
3274,121,121.3
4329,113,110.9
1434,68,68.7
10014,306,304.7
10801,295,293.1
3677,43,41.3
1617,70,69.6
7080,330,329.9
5020,11,11.0
4438,62,63.1
3508,4,4.0
8170,382,378.0
2619,23,23.2
8218,497,497.8
2360,112,113.2
5206,74,74.2
1010,39,39.6
2927,227,226.2
47,5,5.0
4291,225,224.7
4999,246,246.2
10083,244,242.6
9547,10,10.0
4631,115,114.5
4352,109,109.9
9778,743,731.5
6452,4,4.0
6237,1,1.0
3031,23,22.2
5615,5,5.0
6523,26,26.0
8526,237,238.3
4184,208,206.4
7639,430,429.9
8851,10,10.0
1118,32,31.9
1213,282,280.5
5361,209,209.4
9589,241,242.1
5948,43,44.2
713,24,24.2
8834,251,253.6
937,72,71.0
9027,654,653.1
3403,582,581.4
9343,509,510.3
4367,39,39.0
8761,250,249.8
6448,78,79.9
8138,230,229.4
6010,228,229.1
881,1,1.0
6942,578,543.1
2459,213,213.3
5273,267,265.4
7150,387,390.1
1458,117,116.3
1923,58,58.1
6147,63,62.4
6094,2,2.0
6224,134,134.3
9252,181,180.4
3071,252,248.7
6854,158,158.7
532,10,10.0
4277,44,44.3
4466,1,1.0
9148,275,277.6
8727,33,32.5
4963,108,107.5
10362,7,7.0
6189,3,3.0
2676,244,245.4
6825,729,701.7
958,150,149.7
7075,5,5.0
10343,351,352.1
733,36,36.4
5369,106,106.1
8247,88,88.3
4083,7,6.9
10566,331,325.7
7966,303,303.2
4518,419,413.1
1562,32,32.0
9382,454,455.5
7187,402,398.6
2960,115,116.5
2995,488,492.1
542,83,81.4
4450,166,164.7
8034,5,5.0
3312,103,102.6
6886,126,126.1
4317,147,146.6
1373,24,23.9
5400,3,3.0
2312,28,27.5
8839,467,465.7
5594,2,2.0
5620,240,249.5
9837,24,23.7
4453,166,164.9
9345,977,925.0
2236,3,3.0
3570,245,245.6
9256,124,123.9
5896,233,232.4
6349,328,325.6
4722,219,219.0
9994,452,453.9
295,144,145.1
6929,69,69.1
1775,122,120.7
286,139,138.6
210,1,1.0
6263,16,16.0
8316,201,201.0
1803,114,109.8
8876,10,10.0
6178,211,212.4
549,44,43.5
2199,122,122.8
676,71,70.5
3761,144,143.5
3646,196,193.8
3872,176,175.9
2522,28,27.7
5833,88,89.3
8452,374,367.6
3898,153,151.1
9867,284,284.4
7594,512,512.4
2574,4,4.0
3325,179,180.4
9266,585,579.8
10296,171,168.7
4395,6,6.0
3464,6,6.0
7837,248,247.1
10802,417,417.8
8875,10,10.0
10844,118,118.2
4359,276,277.3
1692,22,21.9
3355,532,536.4
3948,189,189.7
10773,48,48.0
10523,280,281.3
8749,207,206.6
7584,355,356.0
4333,78,78.0
8047,558,560.2
10842,8,8.0
1254,8,8.1
10291,39,39.4
6808,63,62.7
5502,180,182.7
2252,309,306.1
10478,21,21.0
10876,218,218.2
9666,22,21.8
467,75,76.1
1957,340,336.4
5909,78,77.5
5114,1,1.0
10036,449,458.2
8673,671,654.0
4955,363,359.6
106,62,62.4
6518,302,301.6
5688,2,2.0
590,175,175.5
5023,124,123.5
7464,361,358.7
5066,7,7.0
3855,404,402.3
1566,1,1.0
3265,139,139.2
5537,177,176.2
8751,47,45.8
5882,208,208.4
10554,9,9.0
5762,8,8.0
6436,86,86.6
4091,321,321.2
10848,184,184.7
9854,105,102.0
2802,281,279.9
3393,307,303.4
3706,101,99.7
9554,99,98.8
8630,152,153.5
4265,414,414.8
3895,425,418.3
5582,322,322.5
5034,127,124.0
7308,299,300.7
8499,489,484.0
29,2,2.0
10598,103,103.5
3050,110,105.6
1896,165,165.0
465,52,51.3
8940,308,307.8
5379,5,5.0
568,26,26.0
2751,421,397.1
8947,4,4.0
2249,152,151.6
217,188,186.9
4216,563,566.4
3846,20,20.1
9928,14,14.0
108,190,191.3
7223,677,674.0
5046,55,53.7
8065,435,435.4
9840,223,222.1
1731,19,20.7
7399,388,387.4
6492,544,544.1
10386,12,12.3
2709,318,315.9
1807,20,20.2
1090,18,18.0
7708,316,319.7
8388,90,89.7
3125,3,3.3
9476,48,48.0
6045,1,1.0
1971,33,24.4
8475,499,496.7
10421,257,255.7
8251,7,7.0
9679,333,333.5
8664,396,394.6
5340,128,127.8
7766,108,107.2
4067,158,156.6
4720,408,404.3
5204,95,95.0
7670,174,174.4
7499,341,340.9
3955,248,243.5
2771,238,253.0
576,2,2.0
1691,29,29.1
5662,5,5.0
1805,16,15.8
10051,9,9.0
9910,464,459.1
3883,299,300.8
10107,248,246.7
6792,84,83.2
9009,669,657.0
10,36,36.0
6625,593,591.5
2109,248,249.1
1217,102,100.9
4862,271,271.8
2847,155,156.7
718,3,3.0
5829,2,2.0
7324,278,279.2
10614,507,494.0
9862,476,475.8
736,7,7.0
735,11,11.0
8027,435,436.3
6387,94,94.0
7382,102,103.0
92,6,6.0
6607,221,222.5
7862,177,175.3
9242,578,577.6
5407,183,184.0
2876,316,314.1
496,96,95.3
10823,282,283.2
8613,185,184.1
5683,9,9.0
1206,14,14.5
8683,13,13.0
5228,43,42.8
3247,16,16.0
8898,6,6.0
1511,63,62.4
1195,75,76.3
1516,20,19.6
3721,20,19.4
4003,176,174.9
5279,8,8.0
5852,5,5.0
288,37,37.2
7405,173,171.8
8825,20,20.5
3643,455,450.0
10078,461,467.7
8192,747,731.9
10105,230,228.9
388,82,81.3
836,116,116.1
5202,124,124.5
2932,12,11.1
3880,590,580.6
3320,95,95.0
8668,345,344.1
6845,345,343.5
2613,327,329.0
1112,27,26.7
8268,323,328.4
9372,317,314.0
10240,20,20.5
1952,6,6.0
8585,7,7.0
9168,290,291.1
1905,222,222.4
9501,172,170.5
7549,131,132.1
3154,382,386.9
9299,390,387.6
9640,141,138.2
416,109,109.4
7448,705,700.5
10618,182,183.5
4075,66,65.6
8824,41,41.2
1713,16,15.8
2122,70,70.9
2075,233,233.3
6954,32,32.3
10784,272,270.7
7157,288,282.7
8,8,8.0
468,63,62.3
6959,37,37.5
7162,522,540.8
9341,278,276.7
9702,370,374.7
921,95,94.6
7231,387,383.5
8315,276,274.3
6153,155,154.6
7936,24,23.7
9772,291,289.0
5731,65,65.8
9381,152,151.8
9720,382,384.5
4680,1,1.0
8302,71,72.0
4457,518,513.7
10546,293,290.7
2913,65,60.3
3833,460,461.8
7407,38,37.6
970,70,69.9
794,93,92.7
730,61,60.7
5910,105,105.9
7963,4,4.0
7791,34,34.0
9002,303,302.6
3016,178,179.2
3921,142,144.5
6377,23,23.1
8620,280,282.6
7136,623,622.2
3378,282,280.7
10623,102,102.7
1578,235,235.5
704,145,147.0
1670,200,198.9
7924,492,493.4
1744,144,144.5
245,63,63.3
6389,214,213.9
10722,8,8.0
1078,59,58.8
1655,145,144.3
2907,113,112.9
2319,456,453.8
4730,3,3.0
3524,570,572.2
7505,56,54.5
1626,142,139.5
3400,142,141.7
6726,686,664.8
4789,386,380.4
1111,34,33.9
9336,328,330.5
2128,437,429.1
9538,516,510.5
6791,97,95.5
3095,207,210.1
1981,125,124.7
10785,257,258.9
2157,308,308.4
63,157,156.2
7172,30,29.8
6393,399,394.7
4894,24,24.0
4048,568,572.0
6558,329,328.4
9353,9,9.0
1915,553,552.5
4610,8,8.0
10287,12,12.0
1355,55,54.0
8118,237,237.5
2030,226,224.5
8776,23,22.7
1330,95,94.4
4731,23,22.8
1002,2,2.0
1747,428,425.8
6718,8,8.0
3745,13,13.3
5496,1,1.0
1082,79,80.0
9724,238,233.9
1039,92,91.7
8536,25,25.2
10699,37,37.1
1026,91,90.1
263,39,39.3
8277,131,130.9
1247,168,167.0
6615,133,130.7
7620,393,386.0
655,62,61.9
623,2,2.0
7630,474,467.7
7384,9,9.0
3692,356,356.8
7065,610,601.3
5616,3,3.0
2348,363,366.2
7779,282,281.9
3132,141,142.0
4607,62,62.4
1166,10,10.0
1107,82,81.4
5270,207,207.6
1710,7,7.0
8346,5,5.0
3299,184,182.2
6074,484,485.2
4879,82,81.7
577,10,10.0
5382,32,32.1
5155,139,138.1
3319,15,14.9
8975,682,674.5
4587,23,23.4
5608,112,111.9
6875,494,496.5
9558,209,210.2
9280,18,18.4
8778,7,7.0
409,7,7.0
10649,4,4.0
5804,12,12.0
76,179,180.0
3703,6,6.0
4315,234,234.5
3870,312,312.0
6568,100,99.2
7336,107,105.2
9529,179,177.4
2701,214,215.8
8640,343,342.8
4157,117,118.3
2984,121,121.6
2216,103,103.4
1595,54,54.4
93,6,6.0
6152,111,110.7
1964,268,266.6
683,101,101.8
6437,103,102.6
647,6,6.0
2947,514,516.9
714,20,20.0
4609,8,8.0
1076,141,140.0
290,83,82.1
10475,99,99.2
5843,176,176.3
6977,16,16.3
7523,287,287.7
3698,97,99.7
6903,136,137.2
1512,54,54.3
2055,218,217.9
9618,16,16.0
6915,291,293.7
6487,205,202.8
2759,167,181.5
3126,5,5.0
3469,198,195.3
4233,337,336.8
5438,215,217.3
3231,205,205.6
5865,119,117.7
9258,46,46.1
9133,121,119.6
185,25,24.7
8052,333,330.0
10392,329,326.6
9386,280,278.4
3595,527,520.0
1870,191,191.7
4782,101,100.2
19,37,36.7
1297,118,120.8
1839,194,194.1
7316,24,24.1
4373,94,92.8
2955,14,14.0
2874,132,131.6
6901,234,235.0
6107,396,399.8
6497,62,60.3
10046,148,147.7
4397,20,20.0
10119,283,285.2
381,47,45.8
6529,268,265.6
2564,538,537.5
7854,333,333.5
8492,9,9.0
2337,27,26.5
7654,515,518.8
4192,568,556.3
9700,405,408.3
8739,285,284.0
3693,328,339.8
3399,217,214.5
10288,1,1.0
7695,86,85.4
5963,143,144.6
3329,126,128.1
9633,761,758.7
3817,83,84.0
415,197,201.5
8408,830,839.7
2405,3,3.3
4671,528,520.7
9822,615,606.6
2516,256,254.7
2245,112,111.6
6950,182,183.9
10354,227,224.3
3314,30,28.7
2484,264,268.6
1984,162,161.0
5266,167,167.3
4843,213,213.9
5706,133,133.4
530,4,4.0
1368,77,76.3
4335,55,56.4
4880,36,36.2
2107,272,271.4
9363,297,295.3
8061,47,46.1
3997,297,292.9
1437,267,269.0
2974,308,305.2
4779,4,4.0
7106,564,555.8
3994,367,366.0
6125,183,181.3
144,84,85.2
7025,12,12.0
8359,413,415.9
4341,43,42.6
4503,181,180.6
3999,305,309.8
2991,158,156.1
6838,100,100.4
758,20,20.0
2417,128,128.4
4991,15,15.0
3215,88,88.4
4339,90,90.5
3651,74,73.3
4414,135,135.3
10097,2,2.0
6826,618,608.5
788,108,108.5
10631,103,103.1
1791,332,329.8
7217,6,6.0
4441,7,7.1
1402,157,155.5
3449,358,355.0
6597,3,3.0
3933,160,160.6
7467,272,269.7
6425,26,25.9
9154,552,536.0
1634,21,21.1
9868,146,144.8
6022,3,3.0
2684,296,292.9
9557,163,164.7
431,8,8.0
6135,48,49.2
0,16,15.9
7556,26,26.2
3773,14,14.0
7850,237,238.1
349,23,23.4
6061,161,160.8
6784,54,53.7
4574,267,262.9
7020,282,284.2
8528,755,751.1
6347,600,599.3
6844,331,331.1
1722,343,325.1
4509,69,68.5
7615,446,445.7
6062,125,126.0
6149,124,126.0
7091,286,283.6
4467,4,4.0
10462,93,93.5
1155,112,112.2
2840,118,118.2
8101,153,149.2
5862,99,100.6
2531,224,223.0
10540,218,219.0
7087,463,470.7
10477,51,50.6
3601,106,106.7
708,40,40.0
10360,49,49.4
7383,34,33.3
916,110,109.7
10859,168,168.5
6714,69,70.0
8557,244,244.7
6885,29,29.1
1616,34,33.7
4541,251,251.9
8969,15,15.0
9439,596,593.7
10381,133,131.5
4949,41,41.1
9809,67,67.1
908,110,109.7
8177,15,15.0
3130,412,413.1
620,17,17.0
9631,634,597.3
3123,13,13.5
4345,4,4.0
2762,140,137.6
782,15,15.0
9920,888,875.8
1156,86,86.7
1536,75,75.3
3532,6,6.0
9592,25,25.2
8870,163,163.8
316,90,90.4
9024,292,292.4
6641,39,38.8
6498,46,46.0
5133,16,16.0
379,13,13.2
3887,26,26.1
4901,168,167.8
7359,134,134.7
8521,186,179.7
4619,355,350.4
7798,569,563.4
9250,215,215.3
1891,533,532.2
6561,406,406.5
5611,58,57.2
8165,444,444.2
6723,443,441.1
5504,46,45.7
3794,8,8.0
9469,129,128.4
5733,50,51.1
4705,4,4.0
4851,28,27.8
103,79,79.1
5957,224,224.6
2183,174,174.0
1793,266,269.0
6418,299,299.1
1862,124,122.7
7015,203,199.7
4060,5,5.0
3105,277,276.7
9559,374,367.3
6662,288,288.6
9596,39,37.9
4665,128,128.0
756,43,42.7
3538,487,480.8
8611,4,4.0
4202,10,10.0
7581,24,23.9
4649,151,149.5
6460,129,127.6
4582,43,43.4
10851,286,288.0
3405,371,370.6
10576,11,11.0
1730,39,40.4
9829,189,190.7
9606,325,325.4
9869,185,185.7
4254,44,42.5
9414,654,651.9
7261,211,210.5
8483,356,354.1
9103,474,471.2
2351,165,164.6
9153,839,845.4
2425,116,115.5
567,21,20.7
8637,183,181.8
2791,20,20.0
9259,28,27.7
9434,559,550.3
6232,107,108.0
8412,391,394.4
1904,82,83.1
440,47,47.3
9189,200,198.4
9697,298,298.9
8887,513,519.4
6865,363,361.6
5650,106,105.5
4822,30,30.1
2191,9,9.0
1660,18,17.6
9989,185,187.5
9495,26,26.0
10261,63,62.6
1224,152,150.8
4695,499,489.6
1593,189,189.2
4055,130,128.3
1199,271,269.4
8161,366,365.8
764,30,30.1
4385,423,421.2
4026,245,246.3
6560,379,374.3
5092,86,86.1
36,75,75.3
9886,525,516.9
5322,221,220.2
8411,483,486.1
9237,34,34.2
8439,95,93.5
4139,199,197.8
2638,232,234.6
2748,264,265.3
3034,564,562.4
10580,84,84.1
4561,5,5.0
9319,536,515.9
4792,203,202.8
7580,8,8.0
6322,212,214.7
1351,5,5.0
5696,144,140.8
4593,162,161.6
8030,172,171.8
2287,28,27.9
1360,137,136.8
7895,244,245.0
10098,4,4.0
8836,290,289.8
486,133,131.8
7828,303,306.9
2517,223,220.8
10756,299,294.4
2140,13,13.0
7200,265,268.2
4639,170,170.2
7313,11,11.0
5489,115,117.7
637,170,170.5
1071,2,2.0
10238,49,50.3
6621,1,1.0
4630,75,75.0
1190,241,236.1
7787,461,464.0
6447,120,120.2
1833,265,263.0
2678,396,390.7
149,59,58.9
2388,123,123.5
4226,20,20.1
3351,175,174.9
3780,102,102.8
167,2,2.0
10836,54,54.3
5727,206,205.8
3912,8,8.0
2820,43,42.1
10031,142,142.2
9699,341,338.6
1584,91,91.5
9050,272,268.2
801,118,117.5
8160,219,220.0
3379,584,581.7
5768,234,235.3
5858,206,210.6
5545,3,3.0
742,98,99.4
8129,15,14.9
4401,322,318.6
1844,544,547.3
5746,231,233.5
4237,465,461.1
633,58,58.6
3433,151,152.6
7248,349,347.6
10183,654,644.1
4797,101,100.1
7439,622,622.3
10423,619,620.0
4532,96,95.5
799,222,223.0
10493,268,270.3
5338,173,173.3
7820,38,37.2
1954,86,85.6
7799,710,710.8
1210,11,11.0
7061,224,222.5
2626,454,455.6
6934,19,19.1
10630,69,68.6
3881,571,573.2
9921,884,886.1
7733,647,655.5
2088,132,131.9
3776,195,195.5
1188,28,28.2
4977,102,102.3
10258,304,305.3
5812,68,67.4
5117,46,46.0
586,60,61.0
7637,270,270.0
3088,430,425.7
7454,55,54.5
5225,105,103.7
2406,6,6.0
4262,407,408.1
3853,350,345.8
10804,310,310.9
8603,505,497.5
1740,109,104.8
6067,12,12.1
2423,202,203.5
7284,239,234.2
6200,124,125.0
9211,8,8.0
23,39,41.4
6507,301,300.7
8339,285,284.4
5100,75,74.1
8878,39,39.6
7552,11,10.3
9944,890,894.7
9404,16,16.0
7845,170,167.9
10327,563,564.2
7371,558,559.8
1427,157,156.8
789,230,231.8
2210,29,29.8
1347,32,32.2
3635,220,221.2
3160,123,123.5
5492,18,18.0
2085,270,271.9
10418,242,240.3
6654,254,254.6
10879,562,567.7
2609,159,159.8
7559,156,159.6
8431,439,441.3
6859,3,3.0
1418,48,48.2
2184,98,99.2
7517,615,604.2
605,135,135.2
3013,148,145.7
3279,441,435.6
10400,276,278.2
993,70,70.9
6580,299,300.9
5643,222,221.4
7515,559,556.7
5152,318,314.9
9466,486,485.9
9552,86,86.1
5294,245,244.2
9801,642,640.1
8939,436,436.0
1950,10,10.0
10824,135,136.2
3728,172,170.6
10205,567,564.2
4562,4,4.0
6926,158,159.4
3838,175,176.2
3207,144,143.4
5265,124,124.0
10506,7,7.0
7292,21,21.0
9214,486,487.5
8443,11,11.0
2724,271,269.4
9427,8,8.0
7528,94,93.6
4148,166,165.3
8410,633,623.0
6717,2,2.0
1253,12,12.0
8095,580,580.9
7153,224,224.1
8077,280,278.5
10066,227,227.7
8280,304,300.9
1310,196,197.8
3208,147,146.8
7372,565,557.1
4995,23,23.4
7634,279,277.7
8221,177,178.0
8685,49,48.8
3688,361,366.3
7048,9,9.0
2328,190,188.1
10658,173,174.3
8309,308,306.5
1315,304,288.4
5146,156,155.9
2108,304,304.6
5729,102,102.3
2685,311,313.8
3984,80,80.3
267,44,44.8
9325,216,214.9
715,12,12.5
7163,375,371.8
8689,396,395.1
1339,167,166.8
10686,358,353.4
8714,437,432.5
738,2,2.0
9799,520,503.6
965,118,118.0
252,20,20.0
7671,148,147.8
9684,113,112.0
9140,38,37.0
50,3,3.0
9723,260,256.9
3139,513,514.5
8451,379,379.1
1688,10,10.0
1623,61,61.8
872,59,58.6
2391,196,196.0
4004,170,171.2
10142,40,38.5
10324,201,200.7
10547,198,195.3
7953,831,811.7
7855,466,465.9
248,136,134.9
9365,274,275.8
4343,15,14.9
8671,492,501.2
8184,295,294.6
554,1,1.0
971,44,43.9
6208,77,76.4
5763,17,17.0
9597,133,135.2
9695,397,400.3
5914,174,174.4
9701,420,421.0
9261,35,35.1
5809,57,59.7
6855,79,78.2
8764,253,251.9
10677,380,385.5
447,176,175.9
4459,229,228.5
5412,137,136.1
56,51,51.3
9528,340,339.3
3540,118,114.9
6590,147,145.6
6464,136,135.8
6182,214,214.5
476,40,39.9
10683,254,255.0
3194,43,42.7
6018,23,23.0
461,49,49.1
7030,321,320.2
4626,165,165.6
10765,134,134.5
6403,76,76.1
10806,400,392.5
4924,71,70.9
4845,61,62.7
750,90,89.2
4525,186,186.1
1175,256,251.7
3842,76,76.4
6161,23,23.3
376,3,3.0
410,3,3.0
4975,224,225.3
6729,685,668.0
3023,261,262.2
2232,79,78.5
5477,354,356.7
3468,183,180.6
6965,483,481.2
7931,363,359.7
10875,213,213.3
3470,281,277.3
4573,162,161.9
9656,610,627.4
2069,4,3.8
8014,506,511.0
5664,2,2.0
9220,354,352.6
274,57,59.3
1496,9,9.0
9203,406,400.4
8151,149,149.5
3026,80,78.2
3685,337,345.7
10380,145,143.0
6920,536,537.3
9346,635,626.4
4681,3,3.0
9997,202,201.2
6594,10,10.0
227,155,158.4
4540,92,92.2
4328,197,194.5
1508,148,147.7
5728,136,135.0
4961,182,182.8
1684,24,23.6
499,41,40.6
7672,104,102.0
4993,1,1.0
1877,4,4.0
3210,150,151.1
513,82,81.4
8710,68,69.0
6247,64,63.8
8913,812,800.2
8971,5,5.0
4564,99,99.2
474,75,75.0
7333,232,232.2
2664,161,161.6
4969,7,7.0
3902,180,179.1
480,2,2.0
10659,220,219.7
3826,318,316.4
4521,117,116.9
7756,686,685.9
9616,46,45.9
6455,25,25.8
6280,107,107.2
10401,210,208.3
1349,21,20.8
2325,285,281.8
3418,426,428.5
10479,13,12.9
3573,141,144.1
7113,481,475.1
1606,103,103.3
9900,195,195.6
4382,230,229.7
7260,282,278.0
1446,4,4.0
2628,170,168.6
1020,4,4.0
705,137,135.8
3181,128,128.6
8191,365,366.2
2447,171,170.5
5434,201,201.9
9578,230,231.5
1921,120,118.0
3873,129,129.1
5061,45,45.0
7784,834,827.0
4035,8,8.0
7942,503,502.8
6575,10,10.0
2025,318,318.9
594,37,37.2
1558,131,131.4
9317,255,254.9
3369,305,303.2
5785,6,6.0
2058,288,289.7
3894,362,359.3
8584,25,26.1
5702,421,420.8
2412,90,90.6
4412,168,168.9
5828,10,10.0
5747,226,226.4
6592,52,50.2
8594,216,216.1
292,60,61.0
4908,110,108.5
5869,361,361.3
6989,281,280.0
7229,237,234.5
2310,15,14.8
4429,462,457.8
1318,154,154.8
2861,6,6.0
9486,36,36.7
5551,116,116.6
5642,79,79.2
5153,232,229.2
6227,487,487.3
7991,713,707.6
10518,435,429.6
6196,98,97.3
3375,191,191.0
4246,142,141.1
7443,280,282.1
10810,122,122.5
2452,13,12.5
9229,299,297.6
7923,502,501.2
837,272,272.2
7482,13,13.3
5452,16,15.9
3784,156,153.7
9021,27,26.4
6109,262,256.5
7793,8,8.0
6220,120,120.0
6673,623,624.2
10509,502,507.2
157,51,50.6
6930,36,36.8
6821,281,278.7
1441,46,45.9
8904,305,303.9
10237,109,109.3
8698,397,396.6
5479,60,60.9
4638,90,89.7
8241,430,438.4
1963,351,349.7
5807,2,2.0
10061,509,509.8
5427,5,5.0
7588,239,241.1
2815,35,35.1
8695,450,445.6
8406,276,277.3
1543,5,3.6
4952,200,198.3
6181,263,261.2
5130,26,26.1
8235,494,485.8
9565,240,242.4
8539,7,7.0
603,100,100.5
8980,300,297.7
6223,170,168.8
393,27,27.0
9969,233,234.5
8863,531,537.5
6517,416,417.5
4694,289,290.4
6100,124,123.7
2317,369,367.8
7273,175,173.9
8384,872,863.5
3397,187,188.4
2846,171,169.7
6790,18,17.5
7910,230,230.3
6914,238,233.6
3404,571,570.5
2483,230,231.9
401,125,127.1
8292,300,300.4
1631,117,116.8
4877,137,137.2
6429,1,1.0
10184,496,486.4
4421,10,10.0
9464,842,841.9
7749,22,22.0
3566,173,171.7
6623,113,112.3
9440,570,577.1
10491,321,319.9
5792,185,185.0
3859,333,338.9
2067,20,20.2
4123,204,207.1
1599,106,104.4
10250,419,410.4
1385,349,290.4
8326,52,53.6
5245,132,133.0
1405,90,88.8
809,4,3.6
2029,141,140.9
3455,167,165.0
3027,20,20.7
10780,426,420.2
8506,312,313.7
1702,53,52.6
3284,211,207.3
7086,352,348.9
2498,119,119.8
4058,25,23.8
3316,7,7.9
7609,192,191.5
3782,120,120.1
1880,89,89.1
6935,54,52.6
9481,160,157.4
9430,71,69.8
6672,381,379.3
7610,267,266.8
8069,573,582.5
8796,381,381.4
6754,541,540.6
2585,164,165.0
7375,544,541.1
1046,7,7.0
9388,408,401.4
5325,114,114.4
7364,11,11.0
1568,61,60.4
462,155,158.0
743,256,257.0
222,54,53.8
10034,340,339.4
8899,11,11.0
4347,7,7.0
625,43,43.9
2288,106,105.1
10383,95,95.0
2177,210,208.1
10644,78,78.4
4772,91,91.5
5830,4,4.0
10608,287,286.7
3145,92,91.5
6130,146,145.5
353,2,2.0
456,4,5.3
5466,66,65.6
239,217,217.4
3038,238,238.0
3946,159,157.6
9015,105,105.3
6105,191,189.8
10109,240,237.7
6554,111,111.5
1018,10,10.0
9626,304,304.1
7381,157,154.2
1760,65,64.5
2602,388,384.9
9572,34,33.4
9249,167,166.1
1103,12,12.0
9380,41,40.6
5121,50,50.9
10345,218,218.0
6315,93,92.3
7971,95,93.9
9988,248,250.4
10062,449,453.0
10260,112,113.4
3333,416,412.4
8446,380,382.3
8789,236,236.1
9171,266,267.3
8660,37,37.5
1034,96,97.9
5156,92,91.3
4156,32,32.0
3834,360,364.8
10537,172,172.2
906,5,5.0
6584,487,486.5
8149,291,291.4
6797,445,445.9
3973,225,225.3
6921,655,613.4
2286,6,6.0
8844,286,286.6
5389,207,205.5
10790,110,109.8
7283,338,338.1
5566,62,62.9
3909,144,139.5
6462,138,137.0
9808,146,146.6
9437,635,626.3
7623,79,75.5
3448,259,259.4
1901,9,9.1
2929,72,70.4
4553,282,280.7
1569,176,175.2
6187,6,6.0
347,44,43.6
1242,100,102.1
420,78,78.5
8252,29,28.7
2732,383,371.7
8334,298,298.4
9733,162,162.4
8360,849,855.1
9502,545,552.2
1031,96,93.1
8877,16,15.9
3928,599,599.1
5778,60,59.7
3562,420,416.5
5014,75,75.2
763,4,4.0
7745,89,89.0
9288,361,361.2
9647,206,205.9
1222,217,217.6
5302,50,50.5
2134,191,192.8
4461,104,104.1
6388,168,168.4
6951,118,118.8
3344,101,101.4
1575,139,140.7
509,127,129.1
8504,436,431.8
3647,149,148.8
2304,171,172.2
3485,7,7.0
3206,161,161.4
10148,124,123.8
1259,140,139.8
10277,217,216.5
5559,419,416.8
2389,151,150.8
711,32,31.5
7741,228,227.0
9948,283,282.1
4489,7,7.0
2836,8,8.0
10300,181,183.8
1372,34,34.3
712,39,38.3
10215,108,106.8
7864,29,29.7
4100,88,88.4
10826,232,232.8
8260,310,307.4
1482,160,163.0
7365,17,17.0
6482,566,578.6
6114,53,53.2
1794,214,217.5
4584,10,10.0
1821,314,316.0
7532,12,12.1
10777,393,384.6
9195,137,137.5
7271,666,667.9
1741,123,122.1
1658,27,27.1
212,1,1.0
4074,126,125.5
6431,18,18.0
323,27,26.7
10263,5,5.0
1097,44,44.4
9622,428,431.8
1359,184,185.3
334,59,60.1
5641,23,23.4
1613,2,2.0
4871,5,5.0
792,66,65.4
233,12,12.0
4672,425,422.4
7100,7,7.0
6804,346,348.0
10812,89,89.0
8355,266,262.6
6769,579,582.6
7459,2,2.0
7168,11,10.6
6112,113,114.1
2485,325,321.7
2413,134,133.1
5350,62,61.5
6248,31,30.3
3658,89,90.3
871,88,88.1
2473,146,143.7
1263,86,86.3
1618,164,163.4
5648,140,139.8
9286,447,445.8
4767,310,314.7
6876,372,372.2
5606,219,219.2
8827,7,7.0
1220,90,91.0
2474,117,118.2
1765,72,70.9
2631,204,204.3
8835,315,315.7
7344,284,283.2
1513,51,50.7
3295,5,5.0
3684,297,292.1
9359,758,779.9
8797,233,234.5
8377,190,191.1
7704,298,291.3
3166,305,309.2
2903,238,241.5
9383,766,735.2
2110,157,157.8
2375,189,189.7
10548,105,104.8
2952,90,89.3
8560,16,16.0
7070,94,94.3
6057,54,54.2
8562,4,3.9
9233,77,76.8
4176,22,21.7
617,54,53.7
2487,387,391.4
9725,244,244.7
4313,539,525.3
5144,110,111.3
9927,57,56.5
745,55,54.5
3574,165,164.4
5932,270,269.0
6131,144,144.0
5070,404,402.7
7680,292,287.3
9660,215,217.8
1336,110,111.3
5038,83,82.6
4560,7,7.0
5143,225,225.1
5718,103,103.8
8489,115,117.3
8976,337,335.5
8375,649,655.2
7263,47,47.1
1313,312,310.7
5601,351,349.8
10564,212,213.5
10358,106,105.6
5231,9,9.0
6888,638,633.1
8432,795,792.1
7089,671,666.9
6678,273,274.3
3679,6,6.0
653,45,44.8
8828,33,32.8
2269,165,163.3
7276,228,229.2
3070,296,295.8
9048,270,265.1
8655,71,70.0
7514,522,520.7
6203,523,515.7
10320,153,153.8
611,51,51.5
4513,6,6.0
2114,39,39.0
3463,10,10.0
10347,278,278.4
9931,5,5.0
511,64,64.0
5210,5,5.0
3063,497,494.2
9750,319,318.7
2737,154,151.6
8089,436,433.2
8614,487,486.2
7090,427,426.5
7103,160,158.5
3543,176,175.8
5735,20,20.4
10558,659,671.2
2754,414,407.8
7707,310,313.1
4721,304,301.7
5358,59,58.8
10786,201,202.3
4625,204,203.5
9487,141,138.6
1109,38,40.4
6851,558,556.7
6671,117,117.6
1038,145,144.5
20,36,37.3
10387,12,11.9
3047,261,259.5
7978,491,485.0
3593,222,220.8
934,145,144.2
4256,185,185.3
3660,258,260.6
394,13,13.0
5848,124,125.0
1737,168,166.2
2165,4,4.0
561,182,179.7
3522,303,300.3
1162,23,22.6
5076,133,133.7
4989,73,72.9
3886,69,69.1
1527,202,202.1
842,176,172.3
4716,179,179.4
58,61,61.8
4098,162,160.3
5417,251,250.6
2291,230,230.0
10082,150,147.6
7203,110,110.2
3006,6,6.0
6255,145,147.4
6535,224,224.7
8676,278,278.1
5711,7,7.2
4580,137,136.0
414,90,89.9
10349,267,265.2
7216,13,12.9
9178,662,663.8
3616,198,197.9
7748,12,12.0
4889,111,111.4
10067,141,140.4
3290,80,80.8
7876,416,413.9
7558,75,74.7
5459,151,152.8
2133,231,229.7
1897,115,114.1
10796,6,6.0
3819,37,36.4
7884,339,339.1
9272,671,648.9
8464,118,117.8
6862,126,125.7
7391,639,640.1
1817,155,153.3
1937,378,377.5
3422,222,220.0
2335,6,6.0
2072,82,80.8
8344,18,17.8
1726,141,142.2
1047,2,2.0
4354,84,84.9
8758,502,507.1
2320,451,453.8
10222,119,117.6
3963,4,4.0
766,223,225.4
7866,8,8.0
1144,53,51.9
5561,177,177.0
3617,174,171.1
2273,188,187.9
2963,176,176.7
5049,254,251.5
9847,581,566.3
6249,53,53.7
7969,125,124.7
1989,384,386.4
8957,255,257.6
3307,194,192.3
828,44,43.6
7752,300,306.8
1672,163,161.9
8059,8,8.0
3910,74,73.7
7008,692,700.9
10513,207,205.4
6348,525,517.0
2275,572,566.3
8935,458,461.1
2909,25,26.4
2045,5,5.0
5577,376,372.2
3609,342,345.9
5965,64,63.7
1295,149,148.8
5480,75,74.9
591,128,128.8
221,52,52.4
9477,167,167.6
6760,46,45.8
8910,274,273.2
858,3,3.0
9035,341,341.5
8510,91,91.4
5573,64,64.2
841,185,185.4
2899,401,401.0
8107,9,9.0
10767,95,95.9
8430,271,269.9
994,72,72.5
9830,125,125.9
1554,297,287.9
8912,818,811.5
3184,159,158.2
4605,89,88.7
3065,428,420.8
3100,10,10.0
7111,582,582.4
10054,50,49.5
7356,269,265.7
2513,360,359.6
4127,27,26.1
9392,894,868.5
8520,348,344.9
3656,23,23.0
4754,8,8.0
5632,190,194.6
2233,72,71.8
8425,214,212.4
400,61,62.5
4353,69,68.5
7197,134,134.4
4533,72,71.1
10696,9,8.5
3526,280,281.9
7621,286,283.4
9001,231,228.4
59,77,77.4
6330,11,11.0
4759,201,202.7
4113,101,100.5
10045,146,145.7
1328,12,12.0
5940,488,488.5
6372,160,161.3
9293,340,341.0
4029,84,83.9
1550,202,205.5
1009,105,103.4
2554,486,482.2
1612,2,2.0
4484,206,204.1
9983,680,692.0
6995,421,420.6
648,26,26.2
879,4,4.0
3852,411,411.5
2303,247,249.2
5171,168,169.3
1624,106,105.4
550,20,20.1
8201,10,10.0
9967,565,550.2
3187,556,553.8
8822,156,156.2
211,3,3.0
5920,148,147.8
4700,108,107.1
10584,166,166.7
7765,226,226.2
7747,13,13.3
1438,160,160.4
2515,252,254.7
6757,198,200.5
8889,491,486.5
696,30,29.7
7717,23,23.0
5529,120,119.0
6646,27,27.2
9507,313,314.1
1314,313,310.3
5605,314,314.8
2935,26,25.8
3058,127,125.2
12,84,83.3
2930,35,35.6
7669,251,252.2
1346,53,52.7
9432,296,299.6
453,16,16.0
8763,283,284.1
10116,151,149.8
3000,184,184.2
9518,123,123.0
7731,668,664.2
37,59,58.8
1043,10,10.0
5376,41,40.7
940,68,68.4
6210,22,22.0
8282,233,239.4
4230,73,75.6
538,55,55.7
4411,179,178.8
2816,121,121.9
1400,7,7.0
4863,451,451.9
4833,128,128.0
2267,225,224.2
9443,324,322.2
9342,318,317.6
2470,250,252.2
5098,55,56.4
5936,198,200.1
4102,25,25.6
4824,17,17.4
6879,131,132.3
3069,406,413.4
7947,261,261.6
1108,56,56.4
7458,3,3.0
9866,263,263.1
5795,192,192.0
10163,233,234.2
5609,126,126.8
1739,169,169.5
9646,84,84.3
5487,224,225.7
898,63,63.8
3094,262,259.8
6983,331,333.1
6725,651,641.4
5289,115,115.1
5292,151,151.5
10703,285,284.4
1563,23,22.4
10355,178,177.4
4890,99,100.9
7665,669,654.2
4645,306,306.7
6870,258,254.1
8677,202,201.1
9753,844,815.2
10104,363,364.7
6375,101,101.1
10453,126,125.5
9912,382,384.6
4309,171,169.9
3649,98,97.9
9463,453,447.3
5257,3,3.0
10042,239,235.7
2213,4,4.0
833,1,1.0
7767,49,49.0
9316,328,328.8
4222,136,136.2
8122,463,466.6
6027,289,290.3
4698,181,180.9
9882,2,2.0
1743,169,169.6
5190,73,73.4
3533,5,5.0
10680,154,153.5
7928,521,525.8
9855,48,49.1
8199,53,51.9
8546,206,207.9
2543,218,216.0
930,8,8.0
3387,26,25.0
1197,101,99.8
7900,585,591.9
9593,13,13.1
7571,189,190.0
1429,28,28.3
7282,504,494.6
8882,449,445.9
1153,213,219.2
5629,49,49.1
9461,332,331.5
2769,36,35.6
7583,409,411.1
3860,226,223.7
6553,40,40.5
964,106,108.1
7702,402,405.7
10252,444,440.8
8348,28,28.1
2698,492,486.4
6275,465,466.0
6270,198,199.6
1483,213,214.2
7633,205,204.5
4122,315,312.7
7289,17,17.0
6478,3,3.0
1426,134,135.3
2544,134,133.8
9579,358,355.9
5549,447,448.5
3813,203,204.2
2178,290,288.4
6727,690,661.7
7739,399,400.1
1057,72,71.5
10073,6,6.0
9825,473,478.3
4012,6,6.0
9332,48,47.6
8730,5,5.0
8752,18,18.4
1544,4,4.0
10740,148,147.6
7507,9,9.1
6398,149,148.9
4885,66,67.3
724,154,160.8
8507,294,288.4
6192,90,90.3
6577,72,72.1
1127,85,84.9
9304,10,10.0
6177,155,154.4
5761,5,5.0
1586,24,25.9
8806,475,474.5
3090,317,323.3
6324,167,165.6
1561,57,57.1
4219,197,197.4
5550,241,244.0
3686,435,441.6
8479,566,570.0
9815,174,174.3
6291,138,136.0
8578,516,517.7
9407,212,211.7
3501,397,402.5
2908,96,93.9
4618,372,376.6
7402,546,550.8
9905,16,16.4
9028,644,631.0
3263,173,170.3
8579,366,367.6
2605,150,149.6
4825,7,6.9
1392,45,44.1
7403,323,328.9
752,243,242.0
5802,43,43.4
4768,208,206.7
9726,254,254.8
9951,56,56.3
1777,52,52.0
17,67,66.4
1770,192,191.3
1888,154,153.7
4600,374,381.6
1642,337,335.9
9287,730,736.3
2316,317,318.5
9254,133,133.1
132,163,161.7
5822,308,308.4
4377,125,124.1
8678,196,194.0
9737,8,8.0
8738,260,255.7
1095,12,12.0
8791,441,441.9
9108,171,181.1
527,11,11.0
9244,668,665.6
2002,425,425.0
4536,2,2.0
168,9,9.0
7755,684,684.8
4420,7,7.0
4001,329,333.0
1919,152,152.2
701,135,136.8
6913,376,375.8
5825,90,91.3
8057,67,67.7
7243,8,8.0
9828,204,204.4
3082,118,118.7
5968,78,78.4
2766,12,11.4
6466,250,252.0
772,79,79.0
1298,86,85.7
10103,588,592.6
1352,5,5.0
2926,268,268.7
8324,6,6.0
8496,221,223.8
1287,195,201.5
3015,177,177.1
8092,614,617.4
9638,171,170.8
4096,167,166.5
6866,167,164.3
2013,434,437.1
4898,4,4.0
4295,30,28.1
5227,63,63.1
3233,165,166.9
4094,173,172.8
2147,194,193.0
7092,189,188.4
3620,531,536.9
8000,857,866.9
6867,213,215.0
5140,71,72.0
449,108,107.9
8583,66,67.7
6041,51,50.6
6499,21,20.7
4635,5,5.0
4702,13,13.0
7821,172,170.4
810,12,12.0
4326,259,256.1
9671,62,61.7
10511,336,332.9
10754,273,273.3
2073,157,157.5
7040,579,587.1
7605,158,155.4
7727,210,210.4
1477,95,95.8
1790,281,276.9
2333,47,48.3
2008,176,174.3
682,174,174.0
4049,540,538.2
7066,433,434.4
2859,34,34.2
4301,123,122.4
57,61,61.9
3022,348,345.6
7021,206,207.7
5519,4,4.0
2399,218,220.4
4387,196,195.6
46,8,8.0
30,1,1.0
7744,121,121.8
5028,343,345.5
5714,73,73.3
1468,13,12.8
1665,149,149.8
1416,95,94.4
7039,307,305.9
2358,8,7.9
5674,73,72.7
6449,31,31.5
8692,527,527.4
3542,189,188.8
9240,348,348.4
3889,2,2.6
429,59,58.8
10030,59,59.2
3043,587,582.6
385,93,92.2
1945,119,120.0
5893,526,532.6
4205,87,87.0
3061,396,392.6
473,91,90.9
6209,57,56.8
3060,322,321.2
10530,10,10.0
7247,557,562.6
7834,538,529.6
578,30,30.4
1055,99,100.7
2281,112,112.4
7856,869,880.0
6713,100,98.8
10272,94,94.2
3519,192,190.4
6961,179,176.0
7743,169,169.6
811,47,47.4
5467,39,38.2
9950,117,117.0
7335,153,152.3
5377,18,18.6
7529,82,81.0
7434,2,2.0
111,89,88.6
6148,91,89.9
9712,13,13.0
3328,150,151.7
10689,433,431.1
1745,176,176.6
9566,98,98.3
1452,165,164.2
2149,185,186.0
319,92,93.2
9611,441,436.8
10717,79,78.8
2673,71,63.0
1922,86,85.6
7013,283,279.5
10020,156,155.8
6839,341,340.3
10366,168,167.2
3931,261,260.1
2129,459,450.2
8182,398,397.5
6485,161,161.4
8959,431,431.2
3441,44,44.2
8544,320,318.8
9577,175,174.0
5689,16,16.0
7210,368,371.9
1052,151,151.4
6029,129,129.1
4960,208,205.7
6222,163,163.3
99,195,200.4
7642,537,543.7
1456,112,112.4
361,118,118.0
812,126,125.7
1092,2,2.0
10505,4,4.0
4415,107,108.8
4706,4,4.0
7930,375,371.6
7362,28,28.0
7712,227,227.8
9300,285,282.5
1414,278,277.3
540,71,71.7
9610,534,531.1
4755,13,13.0
1146,99,98.7
3772,3,3.0
754,98,99.4
4299,5,5.0
3790,70,70.6
5216,194,194.2
3204,68,67.1
7771,8,8.0
4708,98,98.4
10370,476,480.6
2957,8,8.0
4273,19,19.2
7627,16,15.9
4762,239,239.0
7431,35,34.3
4023,369,377.8
2608,153,151.9
4010,36,36.5
9970,232,234.2
3411,23,23.1
9239,230,230.6
6458,501,499.8
3349,149,150.7
5254,17,17.0
10108,278,278.4
601,2,2.0
3434,84,84.2
9722,193,190.9
10281,356,356.0
3413,9,9.0
8176,17,17.0
6666,23,22.6
7497,596,594.5
1044,4,4.0
8469,35,35.3
1557,240,241.4
8485,225,222.0
1487,203,203.3
7706,235,236.6
180,30,29.8
10161,373,372.7
5081,308,304.7
2115,47,47.1
1699,15,14.8
1379,62,60.2
3424,186,185.2
2404,7,7.0
1395,6,6.0
10771,3,3.0
618,29,29.5
4104,6,6.0
10724,114,116.5
1600,44,42.1
6858,5,5.0
8925,64,63.1
1615,5,5.0
7071,55,55.0
438,135,134.7
9680,157,156.6
2083,491,490.1
8471,151,149.9
4245,149,149.1
8225,93,91.8
9894,346,341.3
9026,536,550.2
10734,406,401.4
8128,14,14.2
3244,19,19.0
2545,89,90.8
5983,248,244.0
9082,392,388.3
10344,198,198.3
1918,190,189.7
9270,696,679.5
5955,90,89.9
6828,329,328.2
8391,44,44.5
4549,187,187.9
9545,2,2.0
2054,207,205.7
6086,199,200.7
10037,455,452.7
2362,438,435.6
3014,223,223.6
2225,188,188.0
5824,180,179.9
4808,241,238.9
1126,89,89.5
5013,95,95.1
5503,64,64.8
4802,6,6.0
6385,16,15.8
2444,466,463.3
4111,372,371.6
1322,50,49.1
1603,291,292.5
6606,250,249.9
8515,12,12.1
9390,367,363.3
5181,94,93.4
7905,451,453.0
6069,4,4.0
5271,398,401.1
5979,62,61.1
2290,502,502.2
10180,274,272.3
5935,216,216.0
1507,60,60.0
10880,569,567.5
1559,92,90.5
8086,48,49.5
7907,363,367.8
9493,151,150.2
8900,36,36.6
9355,6,6.0
1836,127,126.4
4684,99,99.0
3652,41,40.6
981,45,45.3
9132,184,181.5
1354,18,18.0
2870,213,212.5
45,9,9.0
2542,331,329.6
6730,648,646.1
748,120,117.4
5790,126,125.6
3938,8,7.9
10229,724,685.2
3749,4,4.0
10604,20,20.0
5572,20,20.1
3785,113,113.4
535,47,46.9
8894,110,110.8
9370,674,665.7
9055,356,354.7
6649,662,656.9
2251,486,485.4
1025,34,34.5
3680,3,3.0
5902,2,2.0
10245,264,262.9
5751,102,102.9
3412,15,15.0
10375,403,398.2
3396,132,130.5
5581,401,397.2
4742,73,72.5
10500,144,144.0
5928,17,17.0
664,51,51.6
3919,429,430.3
2889,71,71.2
7488,322,321.7
2970,202,202.0
9947,387,391.2
5211,6,6.0
4381,156,154.6
4884,61,60.2
10459,8,8.0
9292,323,324.8
10575,28,27.9
675,64,64.2
5364,237,236.5
8233,447,442.5
5218,288,289.4
8214,401,394.6
5707,67,66.9
3035,207,208.2
1962,385,383.0
1840,158,158.4
8767,445,445.4
4332,101,101.6
8829,44,44.7
6752,554,543.5
3668,339,325.2
9682,114,114.5
10585,203,201.5
3781,126,128.9
5527,86,86.4
7417,157,153.5
5700,281,277.7
8303,152,150.7
411,2,2.0
613,176,175.9
4030,54,53.5
3582,8,8.0
10101,149,148.8
1430,19,19.1
8622,295,292.9
10297,151,150.7
10461,31,30.7
8541,213,212.6
4436,102,102.9
4253,21,20.8
4376,180,180.0
1417,75,73.4
7145,14,14.5
604,243,241.3
1272,137,135.1
5538,97,96.4
7603,4,4.0
3857,380,384.8
7839,59,59.0
5405,191,194.2
247,76,75.3
5173,189,189.5
2900,378,375.0
1982,195,194.5
4480,625,613.3
6392,430,433.4
199,72,72.8
5992,66,66.1
485,188,187.8
2879,204,201.5
7442,201,199.1
7265,16,16.9
10481,8,8.0
2823,140,139.9
455,3,3.0
10667,245,249.8
9625,260,261.9
3245,6,6.0
8310,306,308.1
1721,388,390.9
7354,405,404.2
6176,135,135.3
4442,2,2.0
9980,40,40.0
2794,432,425.6
9019,13,13.3
6952,85,84.7
524,39,38.1
862,55,54.8
2094,5,5.0
947,53,53.4
3991,108,107.5
1444,2,2.0
1280,10,10.0
10239,30,29.8
122,219,220.6
6072,76,76.8
7522,439,441.8
3458,90,89.8
9004,357,352.5
4201,5,5.0
2302,293,293.7
5597,57,56.7
8216,722,711.9
2004,127,127.3
4606,52,51.8
9489,281,282.1
1005,22,22.7
3353,164,163.8
7545,389,385.1
7729,493,477.3
3055,10,10.0
2885,30,30.2
3457,120,120.2
2132,237,238.3
5090,7,7.0
9114,28,27.7
10446,443,443.0
4477,169,167.9
2057,217,216.9
188,4,4.0
229,74,74.6
6719,30,29.7
6861,27,27.5
9954,5,5.0
7780,274,273.7
6221,138,138.7
3007,28,28.1
7636,327,322.4
10010,221,220.6
209,5,5.0
5165,199,201.9
2750,404,407.0
4978,148,147.7
4165,190,190.7
10710,329,327.7
280,3,3.0
2944,134,135.8
10577,5,5.0
4092,308,304.9
5553,191,189.8
7716,85,85.4
4622,335,330.2
1728,70,70.8
4984,405,402.8
337,101,99.4
5964,67,67.6
7844,34,34.3
2650,131,130.9
9023,189,189.4
9290,236,234.6
8413,244,245.0
6085,295,298.1
4770,109,108.2
8986,677,670.7
1226,55,56.0
10716,122,122.3
5157,61,60.1
2144,104,104.6
9568,19,19.1
10337,6,6.0
2111,59,58.6
4747,136,134.6
6705,129,129.4
4292,175,175.0
7300,265,267.2
3110,165,164.3
4923,22,22.0
1017,7,7.0
6119,2,2.0
4502,201,202.1
6312,5,5.0
1928,13,13.4
4974,477,479.9
350,16,15.9
3958,69,68.9
2201,167,168.3
5003,207,205.9
1934,373,370.0
5987,296,295.3
9375,87,88.5
5770,188,186.8
8919,60,60.4
6286,7,7.2
6129,124,127.6
564,157,157.5
1582,166,163.2
4568,110,107.7
2175,172,172.9
5836,202,203.2
2540,586,578.6
8650,607,606.8
5764,36,36.1
4823,11,11.0
2707,461,465.5
3372,113,107.8
10747,34,34.2
2228,513,515.6
1115,5,5.0
4572,152,150.8
3694,229,216.0
4418,42,42.3
6044,1,1.0
6918,490,491.0
6394,467,468.6
8548,221,220.5
3429,385,382.6
821,146,145.2
2063,223,224.3
2272,185,183.0
9769,204,204.2
81,97,96.0
1323,6,6.0
7775,665,668.3
4829,322,320.8
1614,3,3.0
2697,243,243.5
831,7,7.0
7506,34,34.0
6169,195,200.0
2420,459,455.7
5339,137,139.3
3465,24,23.8
2833,98,96.8
6369,78,77.4
4275,6,6.0
8401,195,197.9
1649,142,140.9
4874,4,4.0
6444,375,371.9
9223,470,471.4
3678,4,4.0
8026,579,584.3
9301,159,158.9
3717,175,172.9
8211,272,275.2
6113,65,64.0
2689,92,92.8
5937,170,170.0
3482,25,25.5
749,90,91.4
6321,253,249.3
2373,407,406.7
2442,200,200.9
5610,91,92.3
5861,108,105.8
2758,176,180.4
10003,7,7.0
10225,504,497.5
9118,43,43.4
6017,46,46.0
5396,49,49.4
6860,1,1.0
5556,222,223.4
10640,198,198.7
10426,259,257.9
4902,355,358.1
7254,234,233.0
5749,144,141.2
9999,50,48.6
6968,476,476.8
1139,7,7.0
8627,513,505.4
2231,209,209.3
2164,8,8.3
2886,6,6.0
4170,374,372.8
7640,852,840.8
2777,408,387.4
6956,7,7.0
8094,463,465.6
1570,314,315.4
172,62,62.0
639,84,83.7
8409,814,816.8
2087,154,152.7
3128,134,133.5
7131,635,630.4
8243,551,548.7
1143,23,23.2
7566,196,194.5
9200,808,807.9
8618,234,233.3
9134,70,71.2
8394,5,5.0
1832,109,108.7
6118,4,4.0
4264,438,447.9
10432,50,50.6
8291,336,337.6
5272,382,379.3
7493,334,333.2
10776,273,272.1
7144,28,28.0
834,7,7.0
2486,347,349.6
8142,259,257.4
4693,188,190.7
5426,8,8.0
6948,208,206.0
5357,20,20.1
9688,37,37.4
819,81,81.4
65,52,52.3
6335,18,18.0
6733,271,271.9
2024,99,100.9
9312,358,363.6
354,1,1.0
8786,239,240.2
4850,7,7.0
4024,325,331.2
1808,62,61.3
8046,377,380.3
4393,56,54.5
4929,140,139.6
8849,85,85.4
7246,169,171.3
5159,14,14.0
4099,87,88.0
7541,552,556.9
472,182,183.4
8200,14,14.2
3127,19,19.0
3608,105,107.4
6300,246,243.5
7105,406,406.7
10698,4,4.0
8522,182,183.3
868,171,175.0
10293,415,413.4
4687,191,190.2
8438,211,210.5
1506,25,24.6
6180,405,406.2
8968,21,21.3
7109,660,673.0
7171,9,9.2
8071,542,538.9
2770,86,84.1
10166,55,54.4
6756,352,351.4
10499,221,221.1
8249,18,18.1
1075,249,253.1
3755,66,65.1
5874,56,54.7
10635,285,282.2
3209,118,118.1
5584,215,216.4
8062,78,77.7
7720,76,74.3
10309,87,86.8
5692,508,507.4
4657,3,3.0
5120,33,32.8
2379,4,4.1
7055,624,627.5
1602,99,98.5
73,4,4.0
10437,63,63.8
5317,82,81.3
5226,72,72.0
8568,297,294.6
3428,465,464.1
6992,391,385.4
